{
  "model_path": "results\\sgd_50epochs_mcdropout\\mc_dropout_sgd\\best_model.pth",
  "dataset": "chest_xray",
  "num_classes": 2,
  "n_calibration": 1044,
  "n_test": 624,
  "primary_alpha": 0.1,
  "primary_results": {
    "tau": 0.2588234095623662,
    "target_coverage": 0.9,
    "empirical_coverage": 0.9134615384615384,
    "avg_set_size": 1.0,
    "singleton_fraction": 1.0,
    "singleton_accuracy": 0.9134615384615384
  },
  "all_alpha_results": {
    "alpha_0.01": {
      "alpha": 0.01,
      "target_coverage": 0.99,
      "empirical_coverage": 0.9807692307692307,
      "avg_set_size": 1.2708333333333333,
      "singleton_fraction": 0.7291666666666666,
      "singleton_accuracy": 0.9736263736263736
    },
    "alpha_0.05": {
      "alpha": 0.05,
      "target_coverage": 0.95,
      "empirical_coverage": 0.9310897435897436,
      "avg_set_size": 1.0480769230769231,
      "singleton_fraction": 0.9519230769230769,
      "singleton_accuracy": 0.9276094276094277
    },
    "alpha_0.1": {
      "alpha": 0.1,
      "target_coverage": 0.9,
      "empirical_coverage": 0.9134615384615384,
      "avg_set_size": 1.0,
      "singleton_fraction": 1.0,
      "singleton_accuracy": 0.9134615384615384
    },
    "alpha_0.15": {
      "alpha": 0.15,
      "target_coverage": 0.85,
      "empirical_coverage": 0.9134615384615384,
      "avg_set_size": 1.0,
      "singleton_fraction": 1.0,
      "singleton_accuracy": 0.9134615384615384
    },
    "alpha_0.2": {
      "alpha": 0.2,
      "target_coverage": 0.8,
      "empirical_coverage": 0.9134615384615384,
      "avg_set_size": 1.0,
      "singleton_fraction": 1.0,
      "singleton_accuracy": 0.9134615384615384
    },
    "alpha_0.25": {
      "alpha": 0.25,
      "target_coverage": 0.75,
      "empirical_coverage": 0.9134615384615384,
      "avg_set_size": 1.0,
      "singleton_fraction": 1.0,
      "singleton_accuracy": 0.9134615384615384
    },
    "alpha_0.3": {
      "alpha": 0.3,
      "target_coverage": 0.7,
      "empirical_coverage": 0.9134615384615384,
      "avg_set_size": 1.0,
      "singleton_fraction": 1.0,
      "singleton_accuracy": 0.9134615384615384
    }
  }
}