{
  "train_loss": [
    0.1807031977898619,
    0.07426145608814164,
    0.0550370454772212,
    0.04528086157942205,
    0.03868040894198174,
    0.02857102930967035,
    0.040136407509371495,
    0.028381438161942305,
    0.024695143352648358,
    0.02402002238417453,
    0.017253711506060525,
    0.01044113834051194,
    0.016168742192914705,
    0.014377116495175759,
    0.011983671217553855,
    0.008688147165306845,
    0.009605741933436555,
    0.009474817333958033,
    0.0033839019498400863,
    0.004741478047815635,
    0.002748925572934296,
    0.00272130956839209,
    0.001656801882154208,
    0.0058629437985855334,
    0.0027183809928106807,
    0.002517598041877761,
    0.0022185286233172715,
    0.0013875869677257336,
    0.001360333870904542,
    0.0027541160381561367,
    0.001128972142677558,
    0.0017695521690279574,
    0.0015263068955959213,
    0.0017565299095307298,
    0.001267571283301376,
    0.0009022191975175542,
    0.0011763576356399064,
    0.0005166684540076407,
    0.0005537343406956769,
    0.00018406275085484914,
    0.0006156670196277383,
    0.00039666513596234873,
    0.00023180016422865273,
    0.00035060991244669285,
    0.0007963722031150568,
    0.00039843803683513513,
    0.0004146535704529306,
    0.0005609835186480949,
    0.0015536691905522137,
    0.00032043478485583476
  ],
  "train_acc": [
    92.92905081495685,
    97.5071907957814,
    97.98657718120805,
    98.37008628954938,
    98.44199424736337,
    98.87344199424736,
    98.60977948226271,
    99.01725790987535,
    99.25695110258869,
    99.18504314477468,
    99.35282837967402,
    99.54458293384468,
    99.49664429530202,
    99.47267497603067,
    99.68839884947268,
    99.66442953020135,
    99.66442953020135,
    99.712368168744,
    99.92809204218601,
    99.83221476510067,
    99.92809204218601,
    99.90412272291466,
    99.97603068072867,
    99.76030680728667,
    99.90412272291466,
    99.90412272291466,
    99.92809204218601,
    99.97603068072867,
    99.97603068072867,
    99.95206136145734,
    99.95206136145734,
    99.97603068072867,
    99.92809204218601,
    99.92809204218601,
    99.97603068072867,
    100.0,
    99.92809204218601,
    100.0,
    100.0,
    100.0,
    99.97603068072867,
    100.0,
    100.0,
    100.0,
    99.97603068072867,
    100.0,
    100.0,
    99.97603068072867,
    99.95206136145734,
    100.0
  ],
  "val_loss": [
    1.3668307350705846,
    0.7839565721523286,
    0.41195237572537735,
    0.9020414666183569,
    0.7125931798756937,
    0.7261340274323175,
    0.4182587192241044,
    1.145907448105163,
    1.2106410154001757,
    0.5998520482833556,
    1.0717179333278182,
    2.5873904680137767,
    1.2253197609520812,
    1.8384549848580947,
    1.3271590637301642,
    2.0311668581461277,
    1.1403102036725585,
    1.2595206850140308,
    1.3067686570153896,
    1.1006418200117978,
    1.3237475339319247,
    1.7529889859233692,
    1.4770846446422634,
    1.330493437851851,
    1.4473719584248101,
    1.4753289258265363,
    1.2897346500757947,
    1.537298600455489,
    1.675269100098319,
    1.5491545726546962,
    1.4692815988740329,
    1.252135493988184,
    1.2481153708567134,
    1.6631444638977055,
    1.6839803212742077,
    1.6772522837703143,
    1.600948992368664,
    1.5979196661038721,
    1.6658791561038782,
    1.6396972585961762,
    1.608222775984115,
    1.6208179889634426,
    1.5930505027221802,
    1.62942089299479,
    1.5161117809751048,
    1.6289371916655255,
    1.517647178745947,
    1.5989740629299605,
    1.4596253149264797,
    1.444936452064222
  ],
  "val_acc": [
    78.0448717948718,
    84.2948717948718,
    91.18589743589743,
    83.33333333333333,
    85.25641025641026,
    90.5448717948718,
    91.02564102564102,
    79.16666666666667,
    82.37179487179488,
    89.90384615384616,
    84.77564102564102,
    72.43589743589743,
    83.49358974358974,
    79.32692307692308,
    80.28846153846153,
    75.0,
    84.4551282051282,
    83.49358974358974,
    83.65384615384616,
    86.69871794871794,
    86.0576923076923,
    78.0448717948718,
    84.61538461538461,
    84.93589743589743,
    84.93589743589743,
    84.13461538461539,
    86.0576923076923,
    83.01282051282051,
    82.53205128205128,
    83.65384615384616,
    83.65384615384616,
    86.0576923076923,
    87.01923076923077,
    81.41025641025641,
    82.53205128205128,
    81.73076923076923,
    83.17307692307692,
    82.8525641025641,
    82.37179487179488,
    82.53205128205128,
    82.6923076923077,
    82.53205128205128,
    83.01282051282051,
    83.01282051282051,
    83.49358974358974,
    82.21153846153847,
    83.49358974358974,
    82.8525641025641,
    84.13461538461539,
    84.4551282051282
  ]
}