{
  "train_loss": [
    0.19626182895544775,
    0.07037137852420049,
    0.05112603856144004,
    0.05496623057104249,
    0.03983569310983387,
    0.03623719864706189,
    0.02792566108032137,
    0.0344420708347119,
    0.032752033429689534,
    0.0265186250437307,
    0.01584661453010342,
    0.013904974372844872,
    0.01699292146082468,
    0.01824272686300332,
    0.013378671252045745,
    0.011299107252686366,
    0.012674668683917456,
    0.005177722680702628,
    0.0035578676584165584,
    0.013795193456036997,
    0.00659082601607974,
    0.003881143151764659,
    0.0052410927358823405,
    0.004232997383602571,
    0.004047908642138379,
    0.003251887300607207,
    0.003557876829178486,
    0.001695450390853756,
    0.0014030302712513688,
    0.0007913378000438993,
    0.0008079297647800594,
    0.0011056504831581603,
    0.002212879776938304,
    0.0008680057214600074,
    0.0004282249313808918,
    0.0010528788178945634,
    0.0013142530368234384,
    0.0011062459344735433,
    0.0005512216700658115,
    0.0013823654040443771,
    0.0003954939130729679,
    0.0003520066910383522,
    0.0009956995022496584,
    0.00044812107215830456,
    0.0008826455277604502,
    0.00042952920793286743,
    0.000400518379831196,
    0.0016896166909193982,
    0.00034141162260426384,
    0.0009736397065103293
  ],
  "train_acc": [
    92.95302013422818,
    97.45925215723874,
    98.25023969319271,
    98.08245445829338,
    98.44199424736337,
    98.58581016299136,
    98.84947267497603,
    98.8255033557047,
    98.7535953978907,
    98.99328859060402,
    99.42473633748801,
    99.59252157238734,
    99.35282837967402,
    99.37679769894535,
    99.54458293384468,
    99.59252157238734,
    99.61649089165867,
    99.856184084372,
    99.88015340364333,
    99.40076701821668,
    99.68839884947268,
    99.88015340364333,
    99.78427612655801,
    99.83221476510067,
    99.856184084372,
    99.90412272291466,
    99.90412272291466,
    99.97603068072867,
    99.97603068072867,
    100.0,
    100.0,
    99.97603068072867,
    99.92809204218601,
    100.0,
    100.0,
    99.97603068072867,
    99.95206136145734,
    99.97603068072867,
    100.0,
    99.97603068072867,
    100.0,
    100.0,
    99.97603068072867,
    100.0,
    99.95206136145734,
    100.0,
    100.0,
    99.97603068072867,
    100.0,
    99.97603068072867
  ],
  "val_loss": [
    0.5883759200572968,
    0.421942746755667,
    0.4607273577770684,
    0.4270953140046913,
    0.8988504305236347,
    0.8737354832297569,
    0.6162994075366441,
    2.8524633105731074,
    1.363776432962436,
    1.1582181363561177,
    0.9777733609561892,
    0.9476120558924777,
    1.0414759960440976,
    1.2277574020379938,
    1.3940595017706243,
    1.1395397395733766,
    1.2835344092699272,
    1.332181133673299,
    1.0731145211529587,
    1.2963981597021934,
    1.0553205859712704,
    1.0943454362902494,
    1.5115905973430384,
    1.961668393614859,
    1.4543311240501038,
    1.0841217303911974,
    1.4328999734701682,
    1.218739153815323,
    1.3731549545953272,
    1.3936894639985322,
    1.519676960191618,
    1.6777715905605644,
    1.4674545932069645,
    1.44164296975083,
    1.5125385765679764,
    1.2674393526513459,
    1.3989860862317904,
    1.5439209882402019,
    1.5824368122206252,
    1.6629901523209782,
    1.519427883334654,
    1.5164175118146965,
    1.466435492496063,
    1.610737314957868,
    1.6463718952227115,
    1.4778934645478876,
    1.4159979467399681,
    1.6243862810813916,
    1.4687461848535444,
    1.4339765739978252
  ],
  "val_acc": [
    85.73717948717949,
    87.5,
    87.98076923076923,
    90.06410256410257,
    84.13461538461539,
    83.33333333333333,
    88.30128205128206,
    66.18589743589743,
    79.16666666666667,
    80.76923076923077,
    85.57692307692308,
    84.13461538461539,
    83.81410256410257,
    81.89102564102564,
    82.37179487179488,
    81.57051282051282,
    83.65384615384616,
    85.41666666666667,
    86.85897435897436,
    83.97435897435898,
    86.37820512820512,
    85.73717948717949,
    81.57051282051282,
    79.32692307692308,
    84.77564102564102,
    86.53846153846153,
    84.61538461538461,
    86.53846153846153,
    85.25641025641026,
    85.73717948717949,
    84.93589743589743,
    83.81410256410257,
    85.25641025641026,
    85.41666666666667,
    84.77564102564102,
    86.21794871794872,
    86.0576923076923,
    85.09615384615384,
    84.77564102564102,
    84.13461538461539,
    84.93589743589743,
    85.09615384615384,
    86.0576923076923,
    84.77564102564102,
    84.77564102564102,
    85.57692307692308,
    85.8974358974359,
    84.61538461538461,
    85.57692307692308,
    85.8974358974359
  ]
}