{
  "model_path": "results\\sgd_50epochs_baseline\\best_model.pth",
  "dataset": "chest_xray",
  "num_classes": 2,
  "n_calibration": 1044,
  "n_test": 624,
  "primary_alpha": 0.1,
  "primary_results": {
    "tau": 0.6165189062498532,
    "target_coverage": 0.9,
    "empirical_coverage": 0.9118589743589743,
    "avg_set_size": 1.0208333333333333,
    "singleton_fraction": 0.9791666666666666,
    "singleton_accuracy": 0.9099836333878887
  },
  "all_alpha_results": {
    "alpha_0.01": {
      "alpha": 0.01,
      "target_coverage": 0.99,
      "empirical_coverage": 0.9871794871794872,
      "avg_set_size": 1.4086538461538463,
      "singleton_fraction": 0.5913461538461539,
      "singleton_accuracy": 0.978319783197832
    },
    "alpha_0.05": {
      "alpha": 0.05,
      "target_coverage": 0.95,
      "empirical_coverage": 0.9567307692307693,
      "avg_set_size": 1.1522435897435896,
      "singleton_fraction": 0.8477564102564102,
      "singleton_accuracy": 0.9489603024574669
    },
    "alpha_0.1": {
      "alpha": 0.1,
      "target_coverage": 0.9,
      "empirical_coverage": 0.9118589743589743,
      "avg_set_size": 1.0208333333333333,
      "singleton_fraction": 0.9791666666666666,
      "singleton_accuracy": 0.9099836333878887
    },
    "alpha_0.15": {
      "alpha": 0.15,
      "target_coverage": 0.85,
      "empirical_coverage": 0.8990384615384616,
      "avg_set_size": 1.0,
      "singleton_fraction": 1.0,
      "singleton_accuracy": 0.8990384615384616
    },
    "alpha_0.2": {
      "alpha": 0.2,
      "target_coverage": 0.8,
      "empirical_coverage": 0.8990384615384616,
      "avg_set_size": 1.0,
      "singleton_fraction": 1.0,
      "singleton_accuracy": 0.8990384615384616
    },
    "alpha_0.25": {
      "alpha": 0.25,
      "target_coverage": 0.75,
      "empirical_coverage": 0.8990384615384616,
      "avg_set_size": 1.0,
      "singleton_fraction": 1.0,
      "singleton_accuracy": 0.8990384615384616
    },
    "alpha_0.3": {
      "alpha": 0.3,
      "target_coverage": 0.7,
      "empirical_coverage": 0.8990384615384616,
      "avg_set_size": 1.0,
      "singleton_fraction": 1.0,
      "singleton_accuracy": 0.8990384615384616
    }
  }
}