{
  "epoch": [
    1,
    2,
    3,
    4,
    5,
    6,
    7,
    8,
    9,
    10,
    11,
    12,
    13,
    14,
    15,
    16,
    17,
    18,
    19,
    20,
    21,
    22,
    23,
    24,
    25,
    26,
    27,
    28,
    29,
    30,
    31,
    32,
    33,
    34,
    35,
    36,
    37,
    38,
    39,
    40,
    41,
    42,
    43,
    44,
    45,
    46,
    47,
    48,
    49,
    50
  ],
  "lr": [
    0.01,
    0.01,
    0.01,
    0.01,
    0.01,
    0.01,
    0.01,
    0.01,
    0.01,
    0.01,
    0.01,
    0.01,
    0.01,
    0.01,
    0.009768518518518518,
    0.009305555555555556,
    0.008842592592592593,
    0.00837962962962963,
    0.007916666666666667,
    0.007453703703703704,
    0.006990740740740742,
    0.006527777777777778,
    0.006064814814814816,
    0.005601851851851851,
    0.00513888888888889,
    0.005,
    0.005,
    0.005,
    0.005,
    0.005,
    0.005,
    0.005,
    0.005,
    0.005,
    0.005,
    0.005,
    0.005,
    0.005,
    0.005,
    0.005,
    0.005,
    0.005,
    0.005,
    0.005,
    0.005,
    0.005,
    0.005,
    0.005,
    0.005,
    0.005
  ],
  "train_loss": [
    0.16573493500541064,
    0.09477176080606985,
    0.05438356508419618,
    0.05165161654596018,
    0.04213205102941848,
    0.03291148990048908,
    0.04830455718037859,
    0.029576234403094242,
    0.02785509907315045,
    0.024422607528829764,
    0.02222164123933423,
    0.017079468468528498,
    0.01670651255745382,
    0.011129609571294573,
    0.017417881765360663,
    0.010482001879665696,
    0.00651717411645655,
    0.00807494408745575,
    0.00545943241711569,
    0.006584811198083913,
    0.0056149465819608805,
    0.00459112806229026,
    0.0032244464340725637,
    0.004822897469021033,
    0.002715223496955106,
    0.002638740630492787,
    0.0014751327549955681,
    0.0013362769895054042,
    0.00048826096514127193,
    0.0018644716600888696,
    0.006698742591353167,
    0.003391927594325348,
    0.0025593043930096796,
    0.0014380531734178273,
    0.0037014522827409015,
    0.0021649398519944037,
    0.0007877721629191685,
    0.0026933672043380906,
    0.0011188827376602927,
    0.002048796576991183,
    0.0006767722144526966,
    0.00037148234660128757,
    0.0006348691195619767,
    0.00030985778695703927,
    0.00035738889719856337,
    0.00022030154259909795,
    0.0006208253292941642,
    0.0004517393266253514,
    0.0006023803115834861,
    0.0002933827490289912
  ],
  "train_acc": [
    93.74400767018217,
    96.81208053691275,
    97.7229146692234,
    98.08245445829338,
    98.51390220517737,
    98.6816874400767,
    98.44199424736337,
    98.99328859060402,
    99.06519654841803,
    99.08916586768936,
    99.30488974113135,
    99.44870565675934,
    99.40076701821668,
    99.64046021093002,
    99.30488974113135,
    99.54458293384468,
    99.78427612655801,
    99.68839884947268,
    99.80824544582934,
    99.712368168744,
    99.856184084372,
    99.83221476510067,
    99.88015340364333,
    99.83221476510067,
    99.92809204218601,
    99.92809204218601,
    99.95206136145734,
    99.97603068072867,
    100.0,
    99.92809204218601,
    99.78427612655801,
    99.856184084372,
    99.95206136145734,
    99.95206136145734,
    99.90412272291466,
    99.92809204218601,
    99.97603068072867,
    99.88015340364333,
    99.97603068072867,
    99.92809204218601,
    99.97603068072867,
    100.0,
    99.97603068072867,
    100.0,
    100.0,
    100.0,
    100.0,
    100.0,
    100.0,
    100.0
  ],
  "test_loss": [
    0.42986564834912616,
    0.8230079834898695,
    1.2398886707196652,
    1.203093637983749,
    0.6035057344236591,
    1.1298025854948734,
    1.201146684667565,
    0.9514929607312647,
    1.429989967690351,
    1.227004269382121,
    1.0464406390447454,
    0.7078247084795387,
    1.2936498649139565,
    1.2478248159611376,
    1.0042881726663684,
    1.8408229807916927,
    1.43668775293195,
    1.2435090653791867,
    1.2452494570987425,
    1.633369728442604,
    1.369783927730105,
    1.840029492360493,
    1.4508971352765674,
    1.908541033586102,
    1.4649844729743635,
    1.3120966239491803,
    1.8460170163544438,
    1.5991609561774633,
    1.6400282976881357,
    1.3907182013340864,
    1.551018627738501,
    1.2238481169207038,
    1.5389581635835126,
    1.784643914917768,
    1.0937761725918658,
    1.8464806657159734,
    1.675454217405739,
    1.3793870920743654,
    1.578531113290573,
    1.9436010324102544,
    1.6553863653910714,
    1.7357436215749589,
    1.7177510796652478,
    1.7671620904896908,
    2.0702125766939807,
    1.8574286755008473,
    1.990124986405004,
    1.6549478207295272,
    1.7879533343954022,
    1.8863348973373855
  ],
  "test_acc": [
    89.42307692307692,
    77.40384615384616,
    80.28846153846153,
    77.24358974358974,
    88.78205128205128,
    81.73076923076923,
    80.44871794871794,
    85.41666666666667,
    79.6474358974359,
    84.2948717948718,
    87.33974358974359,
    88.14102564102564,
    82.05128205128206,
    84.61538461538461,
    85.8974358974359,
    82.8525641025641,
    85.25641025641026,
    86.21794871794872,
    85.41666666666667,
    83.49358974358974,
    85.57692307692308,
    82.37179487179488,
    85.25641025641026,
    81.41025641025641,
    85.09615384615384,
    86.0576923076923,
    83.65384615384616,
    84.4551282051282,
    84.61538461538461,
    86.21794871794872,
    85.57692307692308,
    86.85897435897436,
    85.57692307692308,
    84.61538461538461,
    87.98076923076923,
    84.13461538461539,
    85.09615384615384,
    86.21794871794872,
    84.93589743589743,
    84.13461538461539,
    84.4551282051282,
    84.2948717948718,
    84.4551282051282,
    84.93589743589743,
    83.33333333333333,
    84.77564102564102,
    83.65384615384616,
    85.57692307692308,
    84.77564102564102,
    83.97435897435898
  ],
  "swag_test_loss": [
    null,
    null,
    null,
    null,
    null,
    null,
    null,
    null,
    null,
    null,
    null,
    null,
    null,
    null,
    null,
    null,
    null,
    null,
    null,
    null,
    null,
    null,
    null,
    null,
    null,
    null,
    null,
    1.7593648464125506,
    1.7560513495806656,
    1.5310346824351462,
    1.4871071985475588,
    1.2639799080659542,
    1.5307524086650188,
    1.712388859577636,
    1.0422285011725823,
    1.821034584104819,
    1.6389278711573674,
    1.5791561464388886,
    1.67527021497158,
    1.956845348380051,
    1.764704516841961,
    1.7956868157277943,
    1.7503639062727951,
    1.9168997571353965,
    1.7816896487597194,
    1.7679342712598065,
    1.8793494377394917,
    1.640597163366785,
    1.9447424597662972,
    1.8199403903136278
  ],
  "swag_test_acc": [
    null,
    null,
    null,
    null,
    null,
    null,
    null,
    null,
    null,
    null,
    null,
    null,
    null,
    null,
    null,
    null,
    null,
    null,
    null,
    null,
    null,
    null,
    null,
    null,
    null,
    null,
    null,
    83.49358974358974,
    83.33333333333333,
    85.25641025641026,
    85.57692307692308,
    86.69871794871794,
    85.25641025641026,
    84.77564102564102,
    87.98076923076923,
    83.97435897435898,
    85.09615384615384,
    84.61538461538461,
    84.61538461538461,
    84.13461538461539,
    84.61538461538461,
    84.13461538461539,
    84.4551282051282,
    84.4551282051282,
    84.61538461538461,
    85.09615384615384,
    84.2948717948718,
    85.57692307692308,
    84.13461538461539,
    84.77564102564102
  ],
  "swag_n_models": [
    0,
    0,
    0,
    0,
    0,
    0,
    0,
    0,
    0,
    0,
    0,
    0,
    0,
    0,
    0,
    0,
    0,
    0,
    0,
    0,
    0,
    0,
    0,
    0,
    0,
    0,
    0,
    1,
    2,
    3,
    4,
    5,
    6,
    7,
    8,
    9,
    10,
    11,
    12,
    13,
    14,
    15,
    16,
    17,
    18,
    19,
    20,
    21,
    22,
    23
  ]
}