{
  "model_path": "results\\sgd_50epochs_swag\\best_sgd_model.pth",
  "dataset": "chest_xray",
  "num_classes": 2,
  "n_calibration": 1044,
  "n_test": 624,
  "primary_alpha": 0.1,
  "primary_results": {
    "tau": 0.4732078848213975,
    "target_coverage": 0.9,
    "empirical_coverage": 0.8942307692307693,
    "avg_set_size": 1.0,
    "singleton_fraction": 1.0,
    "singleton_accuracy": 0.8942307692307693
  },
  "all_alpha_results": {
    "alpha_0.01": {
      "alpha": 0.01,
      "target_coverage": 0.99,
      "empirical_coverage": 0.9871794871794872,
      "avg_set_size": 1.3798076923076923,
      "singleton_fraction": 0.6201923076923077,
      "singleton_accuracy": 0.979328165374677
    },
    "alpha_0.05": {
      "alpha": 0.05,
      "target_coverage": 0.95,
      "empirical_coverage": 0.9407051282051282,
      "avg_set_size": 1.1169871794871795,
      "singleton_fraction": 0.8830128205128205,
      "singleton_accuracy": 0.9328493647912885
    },
    "alpha_0.1": {
      "alpha": 0.1,
      "target_coverage": 0.9,
      "empirical_coverage": 0.8942307692307693,
      "avg_set_size": 1.0,
      "singleton_fraction": 1.0,
      "singleton_accuracy": 0.8942307692307693
    },
    "alpha_0.15": {
      "alpha": 0.15,
      "target_coverage": 0.85,
      "empirical_coverage": 0.8942307692307693,
      "avg_set_size": 1.0,
      "singleton_fraction": 1.0,
      "singleton_accuracy": 0.8942307692307693
    },
    "alpha_0.2": {
      "alpha": 0.2,
      "target_coverage": 0.8,
      "empirical_coverage": 0.8942307692307693,
      "avg_set_size": 1.0,
      "singleton_fraction": 1.0,
      "singleton_accuracy": 0.8942307692307693
    },
    "alpha_0.25": {
      "alpha": 0.25,
      "target_coverage": 0.75,
      "empirical_coverage": 0.8942307692307693,
      "avg_set_size": 1.0,
      "singleton_fraction": 1.0,
      "singleton_accuracy": 0.8942307692307693
    },
    "alpha_0.3": {
      "alpha": 0.3,
      "target_coverage": 0.7,
      "empirical_coverage": 0.8942307692307693,
      "avg_set_size": 1.0,
      "singleton_fraction": 1.0,
      "singleton_accuracy": 0.8942307692307693
    }
  }
}