{
  "train_loss": [
    0.17135036532688913,
    0.09167887167543003,
    0.05438882080111155,
    0.05003204432543623,
    0.048977769395418265,
    0.034634819829690744,
    0.044056429958258904,
    0.03227534163456663,
    0.029335591986949575,
    0.023681760162207518,
    0.013431782136670246,
    0.01541007568140293,
    0.016824934730783482,
    0.015429676650775168,
    0.010860773814756126,
    0.012180254670285566,
    0.008884232801663266,
    0.011027545281495034,
    0.011485560779416286,
    0.005500251915969187,
    0.005048274265589095,
    0.005479236897080581,
    0.004437965878850687,
    0.005406285503240099,
    0.004871587302257655,
    0.006184711954296887,
    0.002716223672332698,
    0.0021952777934887424,
    0.001385226288155064,
    0.0009964726460659312,
    0.0007926688989135278,
    0.0008346788027353982,
    0.0005262502248215866,
    0.0039645090193910805,
    0.0032992877098641164,
    0.0007336419306667954,
    0.0015169272228875946,
    0.0004051552870730974,
    0.0005593520289992909,
    0.00041778958182507586,
    0.0004306231984828576,
    0.0005428679933069637,
    0.00044355983922997013,
    0.0004859232771727805,
    0.0015189247341956568,
    0.00031337520906342474,
    0.0007468682696104678,
    0.0006195186938428114,
    0.00036655577693067286,
    0.0004560806841713035
  ],
  "train_acc": [
    93.64813039309684,
    96.76414189837008,
    97.60306807286673,
    98.03451581975072,
    98.22627037392138,
    98.72962607861936,
    98.37008628954938,
    98.72962607861936,
    99.06519654841803,
    99.18504314477468,
    99.52061361457335,
    99.40076701821668,
    99.42473633748801,
    99.23298178331736,
    99.59252157238734,
    99.66442953020135,
    99.54458293384468,
    99.66442953020135,
    99.59252157238734,
    99.78427612655801,
    99.80824544582934,
    99.856184084372,
    99.83221476510067,
    99.83221476510067,
    99.856184084372,
    99.76030680728667,
    99.92809204218601,
    99.95206136145734,
    99.95206136145734,
    99.97603068072867,
    100.0,
    100.0,
    100.0,
    99.88015340364333,
    99.92809204218601,
    99.97603068072867,
    99.92809204218601,
    100.0,
    100.0,
    100.0,
    100.0,
    100.0,
    100.0,
    100.0,
    99.92809204218601,
    100.0,
    99.97603068072867,
    100.0,
    100.0,
    100.0
  ],
  "val_loss": [
    0.34414306916296483,
    0.5760766487393993,
    1.0440591894540376,
    1.5880733321593723,
    0.8098711475191521,
    0.7289859329232058,
    1.0930758818676167,
    0.8986386886956097,
    1.2874249199795416,
    1.1478483573589073,
    1.4464194976276468,
    0.7574897969301461,
    1.4252947323806864,
    1.6109172787352548,
    1.200310801439936,
    1.4777617454378948,
    1.9007767267624378,
    1.676952129401048,
    1.1461366989888542,
    1.1754057138455607,
    1.368079695978388,
    1.460853172519117,
    1.0678394237476767,
    1.6695764247128486,
    1.0861218373896009,
    1.121177475910752,
    1.4235059092387516,
    1.6312779657658099,
    1.5336658176609343,
    1.4053130475199196,
    1.6095263648903724,
    1.5158811955378595,
    1.5700223162374785,
    1.8922345701491756,
    1.530315256760598,
    1.8330669284500658,
    1.5526489714466105,
    1.483131413884632,
    1.5163126198142522,
    1.6037374763430325,
    1.5452566520357807,
    1.5863847659492492,
    1.4758386567250141,
    1.68979402171708,
    1.6224496539107,
    1.597657165922953,
    1.5022128827902534,
    1.538613834522138,
    1.5895473622081078,
    1.613724926919763
  ],
  "val_acc": [
    91.34615384615384,
    86.21794871794872,
    82.37179487179488,
    79.96794871794872,
    84.2948717948718,
    85.57692307692308,
    80.44871794871794,
    84.77564102564102,
    82.37179487179488,
    83.81410256410257,
    81.73076923076923,
    87.66025641025641,
    82.05128205128206,
    78.84615384615384,
    83.49358974358974,
    83.17307692307692,
    80.60897435897436,
    83.65384615384616,
    85.57692307692308,
    85.41666666666667,
    84.77564102564102,
    83.33333333333333,
    86.0576923076923,
    83.01282051282051,
    86.85897435897436,
    85.41666666666667,
    84.2948717948718,
    83.17307692307692,
    83.81410256410257,
    84.4551282051282,
    82.53205128205128,
    84.61538461538461,
    84.13461538461539,
    82.37179487179488,
    83.81410256410257,
    82.21153846153847,
    83.97435897435898,
    83.97435897435898,
    83.97435897435898,
    83.65384615384616,
    84.13461538461539,
    83.65384615384616,
    84.13461538461539,
    83.81410256410257,
    83.81410256410257,
    83.81410256410257,
    84.2948717948718,
    83.97435897435898,
    83.49358974358974,
    84.13461538461539
  ]
}