{
  "train_loss": [
    0.1751830079614981,
    0.08967671141326997,
    0.06441999399920798,
    0.06253447118286357,
    0.04182646904502398,
    0.03201846355576342,
    0.03603886956800458,
    0.028654011360988135,
    0.032174236167694145,
    0.02630880667618298,
    0.015126374990164785,
    0.013597322176146988,
    0.014347631600088345,
    0.018269886857677137,
    0.01162060321027937,
    0.01644674484825845,
    0.007947224896034147,
    0.009534391510938623,
    0.006096574028998399,
    0.007062377058401017,
    0.0052659406242232315,
    0.003586184643949351,
    0.003095689014800799,
    0.002924033780928968,
    0.001857663411556132,
    0.001112527623832606,
    0.0019746426991990376,
    0.0025238241415998014,
    0.0008117216643108631,
    0.0010601932030401939,
    0.0007862226196896471,
    0.0035376750997428443,
    0.002972324791648731,
    0.0016442733420727973,
    0.0016283157223815127,
    0.0008514684244053097,
    0.0035578063701530286,
    0.0024481654879330472,
    0.0017213878776196352,
    0.0010149207005617136,
    0.0008164546995024428,
    0.0006134445987289861,
    0.0005056359223767026,
    0.001466950949166573,
    0.0005046339413834766,
    0.001838520888183305,
    0.0010616563264672293,
    0.00035073331088402717,
    0.00029734243797582805,
    0.0005820665686993547
  ],
  "train_acc": [
    92.90508149568552,
    96.6922339405561,
    97.79482262703739,
    97.55512943432406,
    98.80153403643337,
    98.92138063279003,
    98.63374880153404,
    98.84947267497603,
    99.01725790987535,
    99.11313518696069,
    99.30488974113135,
    99.47267497603067,
    99.44870565675934,
    99.25695110258869,
    99.59252157238734,
    99.35282837967402,
    99.68839884947268,
    99.61649089165867,
    99.78427612655801,
    99.712368168744,
    99.80824544582934,
    99.83221476510067,
    99.90412272291466,
    99.83221476510067,
    99.92809204218601,
    100.0,
    99.92809204218601,
    99.95206136145734,
    99.97603068072867,
    99.97603068072867,
    100.0,
    99.95206136145734,
    99.856184084372,
    99.97603068072867,
    99.95206136145734,
    100.0,
    99.97603068072867,
    99.90412272291466,
    99.95206136145734,
    100.0,
    100.0,
    100.0,
    100.0,
    99.95206136145734,
    100.0,
    99.97603068072867,
    99.97603068072867,
    100.0,
    100.0,
    100.0
  ],
  "val_loss": [
    0.35871421603951603,
    0.33442946039140226,
    0.5701740418095141,
    0.835316198351211,
    0.7215729013154487,
    1.052162565256549,
    1.4564484188277078,
    0.6467077636029899,
    1.2239101226623006,
    1.3682688041318702,
    0.7670461580315987,
    2.0116771164129643,
    1.2385707523085556,
    1.221268530184568,
    0.9397504460377604,
    1.4332821530926125,
    0.9322708290930262,
    1.0003730712651886,
    1.5924484656544098,
    1.3187158188082069,
    1.2873385534316015,
    1.297577096300617,
    1.077968208955447,
    0.7497813046122047,
    1.0060789974683204,
    1.238431589584097,
    1.2222947572223444,
    1.3874239750818016,
    1.444200132052835,
    1.3894852138691,
    1.3831604453974164,
    1.3710214705176456,
    1.3418175036670532,
    1.5290607265823737,
    1.3146455033255553,
    1.3050317242073006,
    1.3854222076271683,
    1.140593548153427,
    1.2465163359732139,
    1.2708772934704022,
    1.2485202211247213,
    1.2426634274190094,
    1.234873608939371,
    1.327971450807567,
    1.317262600915862,
    1.323507185530372,
    1.346062320370698,
    1.3791074103228231,
    1.3637614332711707,
    1.2954445114906998
  ],
  "val_acc": [
    91.18589743589743,
    88.46153846153847,
    85.09615384615384,
    77.56410256410257,
    83.49358974358974,
    75.64102564102564,
    77.56410256410257,
    87.82051282051282,
    80.12820512820512,
    80.92948717948718,
    88.9423076923077,
    75.16025641025641,
    84.61538461538461,
    82.53205128205128,
    87.98076923076923,
    82.05128205128206,
    86.0576923076923,
    87.17948717948718,
    82.21153846153847,
    83.65384615384616,
    83.65384615384616,
    84.4551282051282,
    85.8974358974359,
    87.98076923076923,
    87.5,
    86.0576923076923,
    86.53846153846153,
    85.25641025641026,
    84.61538461538461,
    85.25641025641026,
    84.4551282051282,
    85.09615384615384,
    84.13461538461539,
    83.17307692307692,
    85.41666666666667,
    85.57692307692308,
    85.25641025641026,
    86.69871794871794,
    85.8974358974359,
    86.0576923076923,
    86.37820512820512,
    86.21794871794872,
    86.69871794871794,
    85.8974358974359,
    85.41666666666667,
    85.8974358974359,
    85.73717948717949,
    85.73717948717949,
    85.8974358974359,
    85.8974358974359
  ]
}