{
  "train_loss": [
    0.19026408634923456,
    0.07798424182203777,
    0.0491590617688458,
    0.05095417945217412,
    0.05010131076964699,
    0.036230180663079335,
    0.025469241142055225,
    0.029358055025009433,
    0.021939816222278863,
    0.021899321101732972,
    0.026453165166402805,
    0.013278002663397093,
    0.020096315982092158,
    0.015417615148347255,
    0.007661737753558221,
    0.009719182965975523,
    0.007254041263002517,
    0.008977179708186903,
    0.003582961720035513,
    0.010579504483014904,
    0.0035205201124846857,
    0.0036626266834088594,
    0.002984298233972201,
    0.004141053525210584,
    0.002868578576734908,
    0.0021650505956888138,
    0.0010879771464416769,
    0.0011794928333536184,
    0.00316170195116357,
    0.0016118496769976245,
    0.001489005833003594,
    0.0009056433182056324,
    0.001266648840746642,
    0.0012308109211602197,
    0.0010581667411957922,
    0.0006539138022407391,
    0.00040828320037905217,
    0.0012423191531885957,
    0.0013180343364052457,
    0.0007777031941786984,
    0.0003590192891933214,
    0.00029426207351630773,
    0.0003782826771325849,
    0.0010382440345949383,
    0.00033180018818322897,
    0.0003704884680902409,
    0.00037684327330263825,
    0.000811853448057201,
    0.0005388015996984259,
    0.0003797603804760904
  ],
  "train_acc": [
    93.74400767018217,
    96.97986577181209,
    98.22627037392138,
    97.98657718120805,
    98.08245445829338,
    98.60977948226271,
    99.06519654841803,
    98.92138063279003,
    99.11313518696069,
    99.28092042186002,
    99.28092042186002,
    99.52061361457335,
    99.0412272291467,
    99.42473633748801,
    99.76030680728667,
    99.66442953020135,
    99.73633748801534,
    99.61649089165867,
    99.92809204218601,
    99.68839884947268,
    99.92809204218601,
    99.90412272291466,
    99.856184084372,
    99.83221476510067,
    99.92809204218601,
    99.95206136145734,
    99.97603068072867,
    99.97603068072867,
    99.90412272291466,
    99.92809204218601,
    99.97603068072867,
    99.97603068072867,
    99.95206136145734,
    99.95206136145734,
    99.97603068072867,
    100.0,
    100.0,
    99.97603068072867,
    99.92809204218601,
    100.0,
    100.0,
    100.0,
    100.0,
    99.97603068072867,
    100.0,
    100.0,
    100.0,
    99.97603068072867,
    100.0,
    100.0
  ],
  "val_loss": [
    0.7274133495317073,
    0.4297119798487984,
    1.0921525470782398,
    0.4159629324451089,
    0.772682944497501,
    1.182640237663702,
    0.6915036294274615,
    0.723025521600357,
    1.282478774705743,
    0.9260157074095332,
    0.8221560560843499,
    1.565878326570877,
    1.6381519288577053,
    1.3713593128108659,
    1.757643885480578,
    1.4628641442469372,
    1.5867446153158007,
    1.2149021349360662,
    1.3670984191692337,
    1.1726845958864032,
    1.3995639884193962,
    1.7185984425184913,
    1.2988590281043408,
    1.434269584360686,
    1.557509214767275,
    2.0366898117556778,
    1.7337973148422798,
    1.6011921613428406,
    2.011940457342925,
    1.5870347314323254,
    1.469634447720523,
    1.5216907399483142,
    1.6408459797929509,
    1.4229837952252544,
    1.6571038297553948,
    1.5778939112066326,
    1.670611173921031,
    1.6948131083411155,
    1.5667940658773243,
    1.7415780505640057,
    1.753562163500017,
    1.7396928249662793,
    1.6441767408747086,
    1.608920514028333,
    1.6413305933367568,
    1.605275544392343,
    1.578332395672886,
    1.610108835884826,
    1.7146479262986847,
    1.607865958282424
  ],
  "val_acc": [
    85.73717948717949,
    88.9423076923077,
    79.48717948717949,
    90.38461538461539,
    83.97435897435898,
    83.65384615384616,
    87.82051282051282,
    84.2948717948718,
    83.81410256410257,
    85.8974358974359,
    85.8974358974359,
    80.44871794871794,
    79.96794871794872,
    81.08974358974359,
    76.4423076923077,
    83.33333333333333,
    80.76923076923077,
    86.0576923076923,
    85.41666666666667,
    84.2948717948718,
    83.65384615384616,
    82.53205128205128,
    86.53846153846153,
    85.41666666666667,
    83.33333333333333,
    80.76923076923077,
    84.61538461538461,
    84.77564102564102,
    80.60897435897436,
    83.65384615384616,
    85.25641025641026,
    84.2948717948718,
    83.01282051282051,
    85.25641025641026,
    83.17307692307692,
    84.77564102564102,
    83.81410256410257,
    84.13461538461539,
    85.09615384615384,
    84.2948717948718,
    83.33333333333333,
    84.13461538461539,
    84.61538461538461,
    85.25641025641026,
    84.61538461538461,
    84.61538461538461,
    85.25641025641026,
    84.77564102564102,
    84.13461538461539,
    84.4551282051282
  ]
}