{
  "train_loss": [
    0.15957478723552732,
    0.08747279004705714,
    0.06610925724145153,
    0.044192972550353475,
    0.04449229100354741,
    0.0413876427079814,
    0.03355940388833734,
    0.022450161722572234,
    0.019070218150641232,
    0.020779658792528657,
    0.030576224009009195,
    0.020623312907369865,
    0.021273295712441326,
    0.008211591110067338,
    0.012323822321717713,
    0.012038386899122915,
    0.013751726006820309,
    0.008428735165045704,
    0.008868484720948821,
    0.004598848850290438,
    0.005256985606332583,
    0.0034096147312139753,
    0.017573583639693618,
    0.008303284757673928,
    0.0037533751700450277,
    0.0023116001974464247,
    0.0017009995940168122,
    0.002818847547608039,
    0.0014352523632835822,
    0.0011959727624774388,
    0.0008118809055147944,
    0.0011257086857837145,
    0.000886872982278832,
    0.0009934459374975812,
    0.0006743103403363324,
    0.0006740059376024596,
    0.0005091169682600594,
    0.0014982635284641983,
    0.001155220208334097,
    0.0008238725425861201,
    0.0048773445760179205,
    0.001351461951905014,
    0.0004898263935376777,
    0.0004927645004560685,
    0.0009421833467443925,
    0.0004222956917032248,
    0.000528762530739412,
    0.0008732750369922446,
    0.0009698237790446404,
    0.000537246858990843
  ],
  "train_acc": [
    93.86385426653884,
    96.83604985618409,
    97.5071907957814,
    98.37008628954938,
    98.51390220517737,
    98.37008628954938,
    98.6816874400767,
    99.28092042186002,
    99.32885906040268,
    99.20901246404603,
    99.08916586768936,
    99.20901246404603,
    99.28092042186002,
    99.73633748801534,
    99.49664429530202,
    99.59252157238734,
    99.56855225311601,
    99.61649089165867,
    99.712368168744,
    99.88015340364333,
    99.88015340364333,
    99.92809204218601,
    99.30488974113135,
    99.66442953020135,
    99.90412272291466,
    99.95206136145734,
    99.95206136145734,
    99.90412272291466,
    99.97603068072867,
    99.97603068072867,
    99.97603068072867,
    99.95206136145734,
    99.97603068072867,
    99.97603068072867,
    100.0,
    99.97603068072867,
    100.0,
    99.97603068072867,
    99.97603068072867,
    99.97603068072867,
    99.97603068072867,
    100.0,
    100.0,
    100.0,
    99.95206136145734,
    100.0,
    100.0,
    99.97603068072867,
    99.95206136145734,
    100.0
  ],
  "val_loss": [
    0.9235516147818998,
    0.32148269917815925,
    0.22059002071619033,
    0.9626869430578153,
    0.5464709205858526,
    0.7985516904025417,
    0.718042774181231,
    1.3469028117879496,
    1.6358179355437759,
    0.6988317108222759,
    1.3151760543102469,
    1.0992905641480661,
    1.413732378692464,
    1.4593536139651617,
    1.3481754956728422,
    1.9953795664422955,
    2.0892659280341035,
    1.6515698319600092,
    1.2012703035077805,
    1.611197057276837,
    1.3670770528218668,
    1.584116495257102,
    2.086061165853093,
    1.4065343440150961,
    1.4150872070312903,
    1.4678503240834142,
    1.797371052169473,
    1.485258801803519,
    1.5198358548240378,
    1.4726572282608452,
    1.5744713781824684,
    1.6226929915290356,
    1.5585079720311696,
    1.69897501487964,
    1.67729451679974,
    1.6424680106571483,
    1.6454199191236587,
    1.6344757702353754,
    1.6087230990095969,
    1.753587326047271,
    1.5429417435103274,
    1.7325113905765914,
    1.6732518296288774,
    1.586284991873259,
    1.5098864454845664,
    1.6571240849279802,
    1.4813786566000822,
    1.5983550421899564,
    1.6930022168059584,
    1.6003209958377576
  ],
  "val_acc": [
    76.6025641025641,
    88.30128205128206,
    91.50641025641026,
    79.8076923076923,
    85.73717948717949,
    85.09615384615384,
    86.53846153846153,
    80.44871794871794,
    80.28846153846153,
    88.14102564102564,
    82.21153846153847,
    82.6923076923077,
    81.25,
    83.81410256410257,
    84.93589743589743,
    76.92307692307692,
    78.84615384615384,
    82.6923076923077,
    85.8974358974359,
    81.89102564102564,
    85.41666666666667,
    83.33333333333333,
    80.12820512820512,
    84.77564102564102,
    85.25641025641026,
    85.25641025641026,
    84.13461538461539,
    85.57692307692308,
    85.57692307692308,
    85.73717948717949,
    84.61538461538461,
    84.4551282051282,
    85.09615384615384,
    84.13461538461539,
    85.25641025641026,
    85.09615384615384,
    84.93589743589743,
    85.41666666666667,
    85.09615384615384,
    84.61538461538461,
    85.73717948717949,
    84.4551282051282,
    85.09615384615384,
    85.8974358974359,
    85.57692307692308,
    85.25641025641026,
    85.8974358974359,
    85.41666666666667,
    84.93589743589743,
    85.09615384615384
  ]
}