{
  "epoch": [
    1,
    2,
    3,
    4,
    5,
    6,
    7,
    8,
    9,
    10,
    11,
    12,
    13,
    14,
    15,
    16,
    17,
    18,
    19,
    20,
    21,
    22,
    23,
    24,
    25,
    26,
    27,
    28,
    29,
    30,
    31,
    32,
    33,
    34,
    35,
    36,
    37,
    38,
    39,
    40,
    41,
    42,
    43,
    44,
    45,
    46,
    47,
    48,
    49,
    50
  ],
  "lr": [
    0.01,
    0.01,
    0.01,
    0.01,
    0.01,
    0.01,
    0.01,
    0.01,
    0.01,
    0.01,
    0.01,
    0.01,
    0.01,
    0.01,
    0.009768518518518518,
    0.009305555555555556,
    0.008842592592592593,
    0.00837962962962963,
    0.007916666666666667,
    0.007453703703703704,
    0.006990740740740742,
    0.006527777777777778,
    0.006064814814814816,
    0.005601851851851851,
    0.00513888888888889,
    0.005,
    0.005,
    0.005,
    0.005,
    0.005,
    0.005,
    0.005,
    0.005,
    0.005,
    0.005,
    0.005,
    0.005,
    0.005,
    0.005,
    0.005,
    0.005,
    0.005,
    0.005,
    0.005,
    0.005,
    0.005,
    0.005,
    0.005,
    0.005,
    0.005
  ],
  "train_loss": [
    0.17962657885442015,
    0.08744136979294474,
    0.0503793448680335,
    0.047844059955309055,
    0.049629254242957124,
    0.03663830971931289,
    0.053588440281911356,
    0.03429848100717826,
    0.02778757841798208,
    0.021911731237893962,
    0.015453500034620633,
    0.015690270460315438,
    0.014311122117574798,
    0.0161916470535702,
    0.01631678345822238,
    0.012458678236136502,
    0.006285091280354671,
    0.006895169061827519,
    0.011371462197463347,
    0.011102093758022407,
    0.002682214249396466,
    0.002239611627224849,
    0.0034783824659428138,
    0.0033059957250301687,
    0.003560091003010456,
    0.004039276634046182,
    0.0011156678426606334,
    0.001491093201000944,
    0.0008633169864571349,
    0.0006162200611548805,
    0.0006669658947656719,
    0.00226817328100875,
    0.0007355259856539395,
    0.0033145032519319786,
    0.0024179186218299224,
    0.0013865430123729675,
    0.001555912796926247,
    0.0008718055365980847,
    0.0018696726615212071,
    0.0020876791241621465,
    0.0008539419042382555,
    0.0012979815893782547,
    0.00035039316697263895,
    0.00042694529439426176,
    0.000765582500192269,
    0.0006662666996847799,
    0.00047804662142545416,
    0.001986026650003112,
    0.0013010211874194058,
    0.0008285859468614962
  ],
  "train_acc": [
    93.52828379674017,
    96.76414189837008,
    98.22627037392138,
    98.37008628954938,
    98.08245445829338,
    98.6816874400767,
    98.20230105465005,
    98.63374880153404,
    99.01725790987535,
    99.11313518696069,
    99.42473633748801,
    99.42473633748801,
    99.44870565675934,
    99.54458293384468,
    99.37679769894535,
    99.56855225311601,
    99.80824544582934,
    99.80824544582934,
    99.61649089165867,
    99.52061361457335,
    99.92809204218601,
    99.95206136145734,
    99.856184084372,
    99.856184084372,
    99.88015340364333,
    99.83221476510067,
    99.97603068072867,
    99.95206136145734,
    100.0,
    99.97603068072867,
    100.0,
    99.95206136145734,
    99.97603068072867,
    99.856184084372,
    99.88015340364333,
    99.97603068072867,
    99.95206136145734,
    99.97603068072867,
    99.92809204218601,
    99.92809204218601,
    100.0,
    99.97603068072867,
    100.0,
    100.0,
    99.97603068072867,
    99.97603068072867,
    100.0,
    99.95206136145734,
    99.97603068072867,
    99.97603068072867
  ],
  "test_loss": [
    0.34137147082350194,
    0.4102214491591813,
    1.08880408636926,
    0.9100305428862787,
    0.6231015476669433,
    0.6911468499581529,
    1.2441711532774353,
    0.6072930820668355,
    1.4585320449949268,
    0.9891118283604579,
    1.5906419058649537,
    0.9596138642886777,
    1.4828565085817031,
    1.267627331239427,
    1.1048521157179652,
    1.3299251470965106,
    1.6205116527934516,
    1.4205596166880883,
    1.974762192075005,
    1.1868160271351575,
    1.6585968171526366,
    1.3980103644255568,
    1.6161155127931726,
    1.3519089752880025,
    1.4518982122609356,
    1.3484988242624893,
    1.4109639102715434,
    1.4486183137834219,
    1.6839171837235325,
    1.4889515222954384,
    1.5269826933511326,
    1.2118349467438823,
    1.5363986949396757,
    1.5537989846094478,
    1.5755779744777336,
    1.3946758684682339,
    1.5624876857168568,
    1.604124880090774,
    1.2725446741793411,
    1.80161478237908,
    1.7404352506695249,
    1.7348761225175882,
    1.530652236039359,
    1.6369526671394916,
    1.864678707131297,
    1.6903366638807245,
    1.4348736632469576,
    1.490037036894751,
    1.7547194555649286,
    1.7642444172778018
  ],
  "test_acc": [
    89.90384615384616,
    87.33974358974359,
    80.76923076923077,
    82.37179487179488,
    89.74358974358974,
    86.85897435897436,
    79.48717948717949,
    87.5,
    76.92307692307692,
    83.81410256410257,
    78.84615384615384,
    84.77564102564102,
    79.16666666666667,
    80.12820512820512,
    84.93589743589743,
    84.2948717948718,
    81.57051282051282,
    84.13461538461539,
    78.0448717948718,
    85.73717948717949,
    83.17307692307692,
    84.4551282051282,
    83.49358974358974,
    85.57692307692308,
    84.77564102564102,
    85.73717948717949,
    85.8974358974359,
    84.93589743589743,
    83.97435897435898,
    84.13461538461539,
    84.4551282051282,
    86.85897435897436,
    84.93589743589743,
    84.77564102564102,
    85.25641025641026,
    86.53846153846153,
    84.77564102564102,
    84.93589743589743,
    86.21794871794872,
    83.33333333333333,
    83.97435897435898,
    83.49358974358974,
    85.09615384615384,
    84.93589743589743,
    82.37179487179488,
    84.13461538461539,
    85.8974358974359,
    86.0576923076923,
    83.49358974358974,
    84.61538461538461
  ]
}