{
  "final_test_acc": 84.61538461538461,
  "final_test_loss": 1.7642444172778018,
  "best_test_acc": 89.90384615384616
}