{
  "model_path": "runs/classification/swag_classification/best_model.pth",
  "dataset": "chest_xray",
  "num_classes": 2,
  "n_calibration": 1044,
  "n_test": 624,
  "primary_alpha": 0.1,
  "primary_results": {
    "tau": 0.01650512903586199,
    "target_coverage": 0.9,
    "empirical_coverage": 0.7756410256410257,
    "avg_set_size": 1.0,
    "singleton_fraction": 1.0,
    "singleton_accuracy": 0.7756410256410257
  },
  "all_alpha_results": {
    "alpha_0.01": {
      "alpha": 0.01,
      "target_coverage": 0.99,
      "empirical_coverage": 0.7900641025641025,
      "avg_set_size": 1.0400641025641026,
      "singleton_fraction": 0.9599358974358975,
      "singleton_accuracy": 0.7813021702838063
    },
    "alpha_0.05": {
      "alpha": 0.05,
      "target_coverage": 0.95,
      "empirical_coverage": 0.7756410256410257,
      "avg_set_size": 1.0,
      "singleton_fraction": 1.0,
      "singleton_accuracy": 0.7756410256410257
    },
    "alpha_0.1": {
      "alpha": 0.1,
      "target_coverage": 0.9,
      "empirical_coverage": 0.7756410256410257,
      "avg_set_size": 1.0,
      "singleton_fraction": 1.0,
      "singleton_accuracy": 0.7756410256410257
    },
    "alpha_0.15": {
      "alpha": 0.15,
      "target_coverage": 0.85,
      "empirical_coverage": 0.7756410256410257,
      "avg_set_size": 1.0,
      "singleton_fraction": 1.0,
      "singleton_accuracy": 0.7756410256410257
    },
    "alpha_0.2": {
      "alpha": 0.2,
      "target_coverage": 0.8,
      "empirical_coverage": 0.7756410256410257,
      "avg_set_size": 1.0,
      "singleton_fraction": 1.0,
      "singleton_accuracy": 0.7756410256410257
    },
    "alpha_0.25": {
      "alpha": 0.25,
      "target_coverage": 0.75,
      "empirical_coverage": 0.7756410256410257,
      "avg_set_size": 1.0,
      "singleton_fraction": 1.0,
      "singleton_accuracy": 0.7756410256410257
    },
    "alpha_0.3": {
      "alpha": 0.3,
      "target_coverage": 0.7,
      "empirical_coverage": 0.7756410256410257,
      "avg_set_size": 1.0,
      "singleton_fraction": 1.0,
      "singleton_accuracy": 0.7756410256410257
    }
  }
}